{
  "$comment": "Automatically generated by scripts/boost/generate-ports.ps1",
  "name": "boost-serialization",
  "version": "1.84.0",
  "description": "Boost serialization module",
  "homepage": "https://github.com/boostorg/serialization",
  "license": "BSL-1.0",
  "dependencies": [
    {
      "name": "boost-array",
      "version>=": "1.84.0"
    },
    {
      "name": "boost-assert",
      "version>=": "1.84.0"
    },
    {
      "name": "boost-build",
      "host": true,
      "version>=": "1.84.0"
    },
    {
      "name": "boost-config",
      "version>=": "1.84.0"
    },
    {
      "name": "boost-core",
      "version>=": "1.84.0"
    },
    {
      "name": "boost-detail",
      "version>=": "1.84.0"
    },
    {
      "name": "boost-function",
      "version>=": "1.84.0"
    },
    {
      "name": "boost-integer",
      "version>=": "1.84.0"
    },
    {
      "name": "boost-io",
      "version>=": "1.84.0"
    },
    {
      "name": "boost-iterator",
      "version>=": "1.84.0"
    },
    {
      "name": "boost-modular-build-helper",
      "host": true,
      "version>=": "1.84.0"
    },
    {
      "name": "boost-move",
      "version>=": "1.84.0"
    },
    {
      "name": "boost-mp11",
      "version>=": "1.84.0"
    },
    {
      "name": "boost-mpl",
      "version>=": "1.84.0"
    },
    {
      "name": "boost-optional",
      "version>=": "1.84.0"
    },
    {
      "name": "boost-predef",
      "version>=": "1.84.0"
    },
    {
      "name": "boost-preprocessor",
      "version>=": "1.84.0"
    },
    {
      "name": "boost-smart-ptr",
      "version>=": "1.84.0"
    },
    {
      "name": "boost-spirit",
      "version>=": "1.84.0"
    },
    {
      "name": "boost-static-assert",
      "version>=": "1.84.0"
    },
    {
      "name": "boost-throw-exception",
      "version>=": "1.84.0"
    },
    {
      "name": "boost-type-traits",
      "version>=": "1.84.0"
    },
    {
      "name": "boost-utility",
      "version>=": "1.84.0"
    },
    {
      "name": "boost-variant",
      "version>=": "1.84.0"
    },
    {
      "name": "boost-variant2",
      "version>=": "1.84.0"
    },
    {
      "name": "boost-vcpkg-helpers",
      "version>=": "1.84.0"
    },
    {
      "name": "vcpkg-cmake",
      "host": true
    }
  ]
}
