{
  "$comment": "Automatically generated by scripts/boost/generate-ports.ps1",
  "name": "boost-align",
  "version": "1.84.0",
  "description": "Boost align module",
  "homepage": "https://github.com/boostorg/align",
  "license": "BSL-1.0",
  "dependencies": [
    {
      "name": "boost-assert",
      "version>=": "1.84.0"
    },
    {
      "name": "boost-config",
      "version>=": "1.84.0"
    },
    {
      "name": "boost-core",
      "version>=": "1.84.0"
    },
    {
      "name": "boost-static-assert",
      "version>=": "1.84.0"
    },
    {
      "name": "boost-vcpkg-helpers",
      "version>=": "1.84.0"
    }
  ]
}
