{
  "$comment": "Automatically generated by scripts/boost/generate-ports.ps1",
  "name": "boost-cobalt",
  "version": "1.84.0",
  "description": "Boost cobalt module",
  "homepage": "https://github.com/boostorg/cobalt",
  "license": "BSL-1.0",
  "supports": "!osx & !ios & !android",
  "dependencies": [
    {
      "name": "boost-asio",
      "version>=": "1.84.0"
    },
    {
      "name": "boost-build",
      "host": true,
      "version>=": "1.84.0"
    },
    {
      "name": "boost-circular-buffer",
      "version>=": "1.84.0"
    },
    {
      "name": "boost-config",
      "version>=": "1.84.0"
    },
    {
      "name": "boost-container",
      "version>=": "1.84.0"
    },
    {
      "name": "boost-core",
      "version>=": "1.84.0"
    },
    {
      "name": "boost-intrusive",
      "version>=": "1.84.0"
    },
    {
      "name": "boost-leaf",
      "version>=": "1.84.0"
    },
    {
      "name": "boost-modular-build-helper",
      "host": true,
      "version>=": "1.84.0"
    },
    {
      "name": "boost-mp11",
      "version>=": "1.84.0"
    },
    {
      "name": "boost-preprocessor",
      "version>=": "1.84.0"
    },
    {
      "name": "boost-smart-ptr",
      "version>=": "1.84.0"
    },
    {
      "name": "boost-system",
      "version>=": "1.84.0"
    },
    {
      "name": "boost-throw-exception",
      "version>=": "1.84.0"
    },
    {
      "name": "boost-variant2",
      "version>=": "1.84.0"
    },
    {
      "name": "boost-vcpkg-helpers",
      "version>=": "1.84.0"
    },
    {
      "name": "vcpkg-cmake",
      "host": true
    }
  ]
}
